<?xml version="1.0" encoding="UTF-8"?>
<project-private xmlns="http://www.netbeans.org/ns/project-private/1">
    <editor-bookmarks xmlns="http://www.netbeans.org/ns/editor-bookmarks/2" lastBookmarkId="0"/>
    <open-files xmlns="http://www.netbeans.org/ns/projectui-open-files/2">
        <group>
            <file>file:/C:/Users/Usuario/Documents/NetBeansProjects/Colecciones/src/colecciones/Pila.java</file>
            <file>file:/C:/Users/Usuario/Documents/NetBeansProjects/Colecciones/src/colecciones/Persona.java</file>
            <file>file:/C:/Users/Usuario/Documents/NetBeansProjects/Colecciones/src/colecciones/Arraylist.java</file>
            <file>file:/C:/Users/Usuario/Documents/NetBeansProjects/Colecciones/src/colecciones/Linked.java</file>
            <file>file:/C:/Users/Usuario/Documents/NetBeansProjects/Colecciones/src/colecciones/Colecciones.java</file>
        </group>
    </open-files>
</project-private>
